0,nospec_no_specifier_test,1594393098,0
1,nospec_empty_string,1594393098,0
2,nospec_some_escaped_chars,1594393098,0
3,nospec_successive_5_5,1594393098,0
4,nospec_successive_2_9,1594393098,0
5,nospec_successive_8_3,1594393098,0
6,pct_basic,1594393098,0
7,pct_5w,1594311562,1594393098
8,pct_5wlj,1594311562,1594393098
9,pct_5wzp,1594311562,1594393098
10,pct_5wljzp,1594311562,1594393098
11,nocrash_notrequired_nullspec_basic,1594393098,0
12,nocrash_notrequired_nullspec_5w,1594393098,0
13,nocrash_notrequired_nullspec_5wzp,1594393098,0
14,nocrash_notrequired_nullspec_5wzplj,1594393098,0
15,nocrash_notrequired_nullspec_5wlj,1594393098,0
16,c_allprintable_combined,1594393098,0
17,c_1_31_combined,1594393098,0
18,c_128_255_combined,1594393098,0
19,c_allprintable_width,1594393098,0
20,c_1_31_width,1594393098,0
21,c_128_255_width,1594393098,0
22,c_allprintable_width_lj,1594393098,1594112725
23,c_1_31_width_lj,1594393098,1594112725
24,c_128_255_width_lj,1594393098,1594112725
25,c_nullterm_basic,1594393098,0
26,c_nullterm_5w,1594393098,0
27,c_nullterm_5wlj,1594393098,1594112725
28,s_basic_string_expansion,1594393098,1594309703
29,s_only_string_expansion,1594393098,0
30,s_two_string_expansions,1594393098,0
31,s_two_string_expansions2,1594393098,0
32,s_empty_string_expansion,1594393098,0
33,s_full_then_empty_string,1594393098,0
34,s_empty_then_full_string,1594393098,0
35,s_three_strings,1594393098,0
36,s_space_padded_field_width,1594393098,0
37,s_space_padded_field_width2,1594393098,0
38,s_space_padded_over_field_width,1594393098,0
39,s_space_padded_field_width_lj,1594393098,0
40,s_space_padded_field_width2_lj,1594393098,0
41,s_space_padded_over_field_width_lj,1594393098,0
42,s_string_prec_notrunc,1594393098,1594309703
43,s_string_prec_trunc,1594393098,1594309703
44,s_string_prec_default,1594393098,1594309703
45,s_string_prec_zero,1594393098,1594309703
46,s_two_strings_prec_2trunc,1594393098,1594309703
47,s_two_strings_prec_1trunc_a,1594393098,1594309703
48,s_two_strings_prec_1trunc_b,1594393098,1594309703
49,s_two_strings_prec_0trunc,1594393098,1594309703
50,s_string_prec_width_notrunc,1594393098,1594309703
51,s_string_prec_width_trunc,1594393098,1594309703
52,s_string_prec_width_notrunc_lj,1594393098,1594309703
53,s_string_prec_width_trunc_lj,1594393098,1594309703
54,s_two_s_prec_width_2fit_0trunc,1594393098,0
55,s_two_s_prec_width_1fit_a_0trunc,1594393098,1594309703
56,s_two_s_prec_width_1fit_b_0trunc,1594393098,1594309703
57,s_two_s_prec_width_0fit_0trunc,1594393098,1594309703
58,s_two_s_prec_width_2fit_1trunc_a,1594393098,1594309703
59,s_two_s_prec_width_1fit_a_1trunc_a,1594393098,1594309703
60,s_two_s_prec_width_1fit_b_1trunc_a,1594393098,1594309703
61,s_two_s_prec_width_0fit_1trunc_a,1594393098,1594309703
62,s_two_s_prec_width_2fit_1trunc_b,1594393098,1594309703
63,s_two_s_prec_width_1fit_a_1trunc_b,1594393098,1594309703
64,s_two_s_prec_width_1fit_b_1trunc_b,1594393098,1594309703
65,s_two_s_prec_width_0fit_1trunc_b,1594393098,1594309703
66,s_two_s_prec_width_2fit_2trunc,1594393098,1594309703
67,s_two_s_prec_width_1fit_a_2trunc,1594393098,1594309703
68,s_two_s_prec_width_1fit_b_2trunc,1594393098,1594309703
69,s_two_s_prec_width_0fit_2trunc,1594393098,1594309703
70,s_two_s_prec_width_2trunc,1594393098,0
71,s_two_strings_lj_and_rj,1594393098,0
72,s_two_strings_rj_and_lj,1594393098,0
73,s_null_basic_string_expansion,1594393098,1594309703
74,s_null_only_string_expansion,1594393098,0
75,s_null_space_padded_field_width,1594393098,0
76,s_null_space_padded_over_field_width,1594393098,0
77,s_null_space_padded_field_width_lj,1594393098,0
78,s_null_space_padded_field_width2_lj,1594393098,0
79,s_null_space_padded_over_field_width_lj,1594393098,0
80,s_null_string_prec_notrunc,1594393098,1594309703
81,s_null_string_prec_trunc,1594393098,1594309703
82,s_null_string_prec_default,1594393098,1594309703
83,s_null_string_prec_zero,1594393098,1594309703
84,s_basic_s_hidden,1594393098,0
85,s_width_3_s_hidden,1594393098,0
86,s_width_9_s_hidden,1594393098,0
87,s_prec_no_width_s_hidden,1594393098,1594309703
88,s_prec_9_no_width_s_hidden,1594393098,1594309703
89,s_prec_03_no_width_s_hidden,1594393098,1594309703
90,s_prec_09_no_width_s_hidden,1594393098,1594309703
91,s_prec_03_no_width_s_null,0,1594393098
92,s_prec_09_no_width_s_null,1594393098,1594309703
93,s_prec_00_no_width_s_nullchar,1594393098,0
94,s_prec_01_no_width_s_nullchar,1594393098,1594309703
95,s_prec_03_no_width_s_nullchar,1594393098,1594309703
96,s_prec_09_no_width_s_nullchar,1594393098,1594309703
97,s_prec_0_width_3_s_hidden,1594393098,1594309703
98,s_prec_0_width_10_s_hidden,1594393098,1594309703
99,s_prec_0_width_3_s_null,1594393098,1594309703
100,s_prec_0_width_10_s_null,1594393098,1594309703
101,s_prec_0_width_1_s_nullchar,1594393098,0
102,s_prec_0_width_2_s_nullchar,1594393098,0
103,s_prec_0_width_9_s_nullchar,1594393098,0
104,s_prec_0_lj_width_3_s_hidden,1594393098,1594309703
105,s_prec_0_lj_width_8_s_hidden,1594393098,1594309703
106,s_prec_0_lj_width_3_s_null,1594393098,1594309703
107,s_prec_0_lj_width_8_s_null,1594393098,1594309703
108,s_prec_0_lj_width_1_s_nullchar,1594393098,0
109,s_prec_0_lj_width_2_s_nullchar,1594393098,0
110,s_prec_0_lj_width_6_s_nullchar,1594393098,0
111,s_prec_1_width_3_s_hidden,1594393098,1594309703
112,s_prec_1_width_10_s_hidden,1594393098,1594309703
113,s_prec_1_width_3_s_null,0,1594393098
114,s_prec_1_width_9_s_null,0,1594393098
115,s_prec_1_lj_width_3_s_hidden,1594393098,1594309703
116,s_prec_1_lj_width_10_s_hidden,1594393098,1594309703
117,s_prec_1_lj_width_3_s_null,0,1594393098
118,s_prec_1_lj_width_9_s_null,0,1594393098
119,s_prec_1_lj_width_3_s_nullchar,1594393098,1594309703
120,s_prec_1_lj_width_6_s_nullchar,1594393098,1594309703
121,s_prec_perfect_width_3_s_hidden,1594393098,0
122,s_prec_perfect_width_20_s_hidden,1594393098,1594309703
123,s_prec_perfect_width_3_s_null,1594393098,0
124,s_prec_perfect_width_20_s_null,1594393098,1594309703
125,s_prec_perfect_width_3_s_nullchar,1594393098,1594309703
126,s_prec_perfect_width_6_s_nullchar,1594393098,0
127,s_prec_perfect_lj_width_3_s_hidden,1594393098,0
128,s_prec_perfect_lj_width_20_s_hidden,1594393098,1594309703
129,s_prec_8_lj_width_3_s_hidden,1594393098,1594309703
130,s_prec_8_lj_width_10_s_hidden,1594393098,1594309703
131,s_prec_8_lj_width_3_s_null,1594393098,1594309703
132,s_prec_8_lj_width_10_s_null,1594393098,1594309703
133,s_prec_00_lj_s_hidden_trunc,1594393098,0
134,s_prec_09_lj_s_hidden_notrunc,1594393098,1594309703
173,p_null,0,1594393098
178,p_ftfc_5w_throwswarning,0,1594393098
179,p_basic,1594393098,1594226179
180,p_width_fit,1594393098,1594226179
181,p_width_nofit,1594393098,1594226179
182,p_width_16,1594393098,1594226179
183,p_width_8,1594393098,1594226179
184,p_width_32,1594393098,1594226179
185,p_width_fit_lj,1594393098,1594226179
186,p_width_nofit_lj,1594393098,1594226179
187,p_width_16_lj,1594393098,1594226179
188,p_width_8_lj,1594393098,1594226179
189,p_width_32_lj,1594393098,1594226179
190,d_basic_pos,1594393098,0
191,d_basic_neg,1594393098,0
192,d_basic_zero,1594393098,0
193,d_basic_onlypos,1594393098,0
194,d_basic_onlyneg,1594393098,0
195,d_basic_onlyzero,1594393098,0
196,d_intmax,1594393098,0
197,d_intmin,1594393098,0
198,d_width_pos_fits,1594393098,0
199,d_width_neg_fits,1594393098,1593939092
200,d_width_zero_fits,1594393098,0
201,d_width_pos_exactfit,1594393098,0
202,d_width_neg_exactfit,1594393098,1593941884
203,d_width_pos_nofit,1594393098,0
204,d_width_neg_nofit,1594393098,0
205,d_width_pos_fits_lj,1594393098,1594046330
206,d_width_neg_fits_lj,1594393098,1594046330
207,d_width_zero_fits_lj,1594393098,1594046330
208,d_width_pos_exactfit_lj,1594393098,1594046330
209,d_width_neg_exactfit_lj,1594393098,1594046330
210,d_width_pos_nofit_lj,1594393098,1594046330
211,d_width_neg_nofit_lj,1594393098,1594046330
212,d_prec_fits_pos,1594393098,0
213,d_prec_fits_neg,1594393098,1593947603
214,d_prec_fits_zero,1594393098,0
215,d_prec_exactfit_pos,1594393098,0
216,d_prec_exactfit_neg,1594393098,1593936288
217,d_prec_nofit_pos,1594393098,0
218,d_prec_nofit_neg,1594393098,1593936288
219,d_zp_pos_fits,1594393098,0
220,d_zp_neg_fits,1594393098,1593947713
221,d_zp_zero_fits,1594393098,0
222,d_zp_pos_exactfit,1594393098,0
223,d_zp_neg_exactfit,1594393098,1593941884
224,d_zp_neg_minus1fit,1594393098,1593939683
225,d_prec_width_fit_fit_pos,1594393098,1593948349
226,d_prec_width_fit_fit_neg,1594393098,1593953975
227,d_prec_width_fit_fit_zero,1594393098,1593948349
228,d_prec_width_nofit_fit_pos,1594393098,0
229,d_prec_width_nofit_fit_neg,1594393098,1593939683
230,d_prec_width_fit_nofit_pos,1594393098,1593941142
231,d_prec_width_fit_nofit_neg,1594393098,1593947603
232,d_prec_width_nofit_nofit_pos,1594393098,0
233,d_prec_width_nofit_nofit_neg,1594393098,1593939683
234,d_prec_width_fit_fit_pos_lj,1594393098,1594046330
235,d_prec_width_fit_fit_neg_lj,1594393098,1594046330
236,d_prec_width_fit_fit_zero_lj,1594393098,1594046330
237,d_prec_width_nofit_fit_pos_lj,1594393098,1594046330
238,d_prec_width_nofit_fit_neg_lj,1594393098,1594046330
239,d_prec_width_fit_nofit_pos_lj,1594393098,1594046330
240,d_prec_width_fit_nofit_neg_lj,1594393098,1594046330
241,d_prec_width_nofit_nofit_pos_lj,1594393098,1594046330
242,d_prec_width_nofit_nofit_neg_lj,1594393098,1594046330
243,d_prec_width_ff_pos_zp,1594393098,1593954064
244,d_prec_width_ff_neg_zp,1594393098,1593956534
245,d_prec_width_ff_zero_zp,1594393098,1593954064
246,d_prec_width_nf_pos_zp,1594393098,1593954064
247,d_prec_width_nf_neg_zp,1594393098,1593956534
248,d_prec_width_fn_pos_zp,1594393098,1593941142
249,d_prec_width_fn_neg_zp,1594393098,1593947603
250,d_prec_width_nn_pos_zp,1594393098,0
251,d_prec_width_nn_neg_zp,1594393098,1593939683
252,d_prec_width_ff_pos_lj_zp_ignoreflag,1594393098,1594304001
253,d_prec_width_ff_neg_ljzp_ignoreflag,1594393098,1594304001
254,d_prec_width_ff_zero_ljzp_ignoreflag,1594393098,1594304001
255,d_prec_width_nf_pos_ljzp_ignoreflag,1594393098,1594304001
256,d_prec_width_nf_neg_ljzp_ignoreflag,1594393098,1594304001
257,d_prec_width_fn_pos_ljzp_ignoreflag,1594393098,1594304001
258,d_prec_width_fn_neg_ljzp_ignoreflag,1594393098,1594304001
259,d_prec_width_nn_pos_ljzp_ignoreflag,1594393098,1594304001
260,d_prec_width_nn_neg_ljzp_ignoreflag,1594393098,1594304001
261,d_prec0val0_basic,1594393098,1594046520
262,d_prec0val0_implicit,1594393098,1594046520
263,d_prec0val0_w,1594393098,1594046520
264,d_prec0val0_w_impl,1594393098,1594046520
265,d_prec0val0_wlj,1594393098,1594046520
266,d_prec0val0_wlj_impl,1594393098,1594046520
267,i_basic_pos,1594393098,0
268,i_basic_neg,1594393098,0
269,i_basic_zero,1594393098,0
270,i_basic_onlypos,1594393098,0
271,i_basic_onlyneg,1594393098,0
272,i_basic_onlyzero,1594393098,0
273,i_intmax,1594393098,0
274,i_intmin,1594393098,0
275,i_width_pos_fits,1594393098,0
276,i_width_neg_fits,1594393098,0
277,i_width_zero_fits,1594393098,0
278,i_width_pos_exactfit,1594393098,0
279,i_width_neg_exactfit,1594393098,0
280,i_width_pos_nofit,1594393098,0
281,i_width_neg_nofit,1594393098,0
282,i_width_pos_fits_lj,1594393098,0
283,i_width_neg_fits_lj,1594393098,0
284,i_width_zero_fits_lj,1594393098,0
285,i_width_pos_exactfit_lj,1594393098,0
286,i_width_neg_exactfit_lj,1594393098,0
287,i_width_pos_nofit_lj,1594393098,0
288,i_width_neg_nofit_lj,1594393098,0
289,i_prec_fits_pos,1594393098,0
290,i_prec_fits_neg,1594393098,0
291,i_prec_fits_zero,1594393098,0
292,i_prec_exactfit_pos,1594393098,0
293,i_prec_exactfit_neg,1594393098,0
294,i_prec_nofit_pos,1594393098,0
295,i_prec_nofit_neg,1594393098,0
296,i_zp_pos_fits,1594393098,0
297,i_zp_neg_fits,1594393098,0
298,i_zp_zero_fits,1594393098,0
299,i_zp_pos_exactfit,1594393098,0
300,i_zp_neg_exactfit,1594393098,0
301,i_zp_neg_minus1fit,1594393098,0
302,i_prec_width_fit_fit_pos,1594393098,0
303,i_prec_width_fit_fit_neg,1594393098,0
304,i_prec_width_fit_fit_zero,1594393098,0
305,i_prec_width_nofit_fit_pos,1594393098,0
306,i_prec_width_nofit_fit_neg,1594393098,0
307,i_prec_width_fit_nofit_pos,1594393098,0
308,i_prec_width_fit_nofit_neg,1594393098,0
309,i_prec_width_nofit_nofit_pos,1594393098,0
310,i_prec_width_nofit_nofit_neg,1594393098,0
311,i_prec_width_fit_fit_pos_lj,1594393098,0
312,i_prec_width_fit_fit_neg_lj,1594393098,0
313,i_prec_width_fit_fit_zero_lj,1594393098,0
314,i_prec_width_nofit_fit_pos_lj,1594393098,0
315,i_prec_width_nofit_fit_neg_lj,1594393098,0
316,i_prec_width_fit_nofit_pos_lj,1594393098,0
317,i_prec_width_fit_nofit_neg_lj,1594393098,0
318,i_prec_width_nofit_nofit_pos_lj,1594393098,0
319,i_prec_width_nofit_nofit_neg_lj,1594393098,0
320,i_prec_width_ff_pos_zp,1594393098,0
321,i_prec_width_ff_neg_zp,1594393098,0
322,i_prec_width_ff_zero_zp,1594393098,0
323,i_prec_width_nf_pos_zp,1594393098,0
324,i_prec_width_nf_neg_zp,1594393098,0
325,i_prec_width_fn_pos_zp,1594393098,0
326,i_prec_width_fn_neg_zp,1594393098,0
327,i_prec_width_nn_pos_zp,1594393098,0
328,i_prec_width_nn_neg_zp,1594393098,0
329,i_prec_width_ff_pos_lj_zp_ignoreflag,1594393098,1594304001
330,i_prec_width_ff_neg_ljzp_ignoreflag,1594393098,1594304001
331,i_prec_width_ff_zero_ljzp_ignoreflag,1594393098,1594304001
332,i_prec_width_nf_pos_ljzp_ignoreflag,1594393098,1594304001
333,i_prec_width_nf_neg_ljzp_ignoreflag,1594393098,1594304001
334,i_prec_width_fn_pos_ljzp_ignoreflag,1594393098,1594304001
335,i_prec_width_fn_neg_ljzp_ignoreflag,1594393098,1594304001
336,i_prec_width_nn_pos_ljzp_ignoreflag,1594393098,1594304001
337,i_prec_width_nn_neg_ljzp_ignoreflag,1594393098,1594304001
338,i_prec0val0_basic,1594393098,0
339,i_prec0val0_implicit,1594393098,0
340,i_prec0val0_w,1594393098,0
341,i_prec0val0_w_impl,1594393098,0
342,i_prec0val0_wlj,1594393098,0
343,i_prec0val0_wlj_impl,1594393098,0
344,u_basic_pos,1594393098,0
345,u_basic_zero,1594393098,0
346,u_basic_onlypos,1594393098,0
347,u_uintmax,1594393098,0
348,u_width_pos_fits,1594393098,0
349,u_width_zero_fits,1594393098,1594113940
350,u_width_pos_exactfit,1594393098,0
351,u_width_pos_nofit,1594393098,0
352,u_width_pos_fits_lj,1594393098,1594114958
353,u_width_zero_fits_lj,1594393098,1594114958
354,u_width_pos_exactfit_lj,1594393098,0
355,u_width_pos_nofit_lj,1594393098,0
356,u_prec_fits_pos,1594393098,0
357,u_prec_fits_zero,1594393098,1594113940
358,u_prec_exactfit_pos,1594393098,0
359,u_prec_nofit_pos,1594393098,0
360,u_zp_pos_fits,1594393098,0
361,u_zp_zero_fits,1594393098,1594311562
362,u_zp_pos_exactfit,1594393098,0
363,u_prec_width_fit_fit_pos,1594393098,0
364,u_prec_width_fit_fit_zero,1594393098,1594113940
365,u_prec_width_nofit_fit_pos,1594393098,0
366,u_prec_width_fit_nofit_pos,1594393098,1594114173
367,u_prec_width_nofit_nofit_pos,1594393098,0
368,u_prec_width_fit_fit_pos_lj,1594393098,1594114958
369,u_prec_width_fit_fit_zero_lj,1594393098,1594114958
370,u_prec_width_nofit_fit_pos_lj,1594393098,1594114958
371,u_prec_width_fit_nofit_pos_lj,1594393098,1594114173
372,u_prec_width_nofit_nofit_pos_lj,1594393098,0
373,u_prec_width_ff_pos_zp,1594393098,1594114173
374,u_prec_width_ff_zero_zp,1594393098,1594114173
375,u_prec_width_nf_pos_zp,1594393098,1594114173
376,u_prec_width_fn_pos_zp,1594393098,1594114173
377,u_prec_width_nn_pos_zp,1594393098,0
378,u_prec_width_ff_pos_ljzp_ignoreflag,1594393098,1594304001
379,u_prec_width_ff_zero_ljzp_ignoreflag,1594393098,1594304001
380,u_prec_width_nf_pos_ljzp_ignoreflag,1594393098,1594304001
381,u_prec_width_fn_pos_ljzp_ignoreflag,1594393098,1594304001
382,u_prec_width_nn_pos_ljzp_ignoreflag,1594393098,1594304001
383,u_prec0val0_basic,1594393098,1594116804
384,u_prec0val0_implicit,1594393098,1594116804
385,u_prec0val0_w,1594393098,1594116804
386,u_prec0val0_w_impl,1594393098,1594116804
387,u_prec0val0_wlj,1594393098,1594116804
388,u_prec0val0_wlj_impl,1594393098,1594116804
389,x_basic_pos,1594393098,0
390,x_basic_zero,1594393098,0
391,x_basic_onlypos,1594393098,0
392,x_hexlmax,1594393098,0
393,x_width_pos_fits,1594393098,0
394,x_width_zero_fits,1594393098,1594117073
395,x_width_pos_exactfit,1594393098,0
396,x_width_pos_nofit,1594393098,0
397,x_width_pos_fits_lj,1594393098,1594117073
398,x_width_zero_fits_lj,1594393098,1594117073
399,x_width_pos_exactfit_lj,1594393098,1594119517
400,x_width_pos_nofit_lj,1594393098,0
401,x_prec_fits_pos,1594393098,0
402,x_prec_fits_zero,1594393098,1594117073
403,x_prec_exactfit_pos,1594393098,0
404,x_prec_nofit_pos,1594393098,0
405,x_zp_pos_fits,1594393098,0
406,x_zp_zero_fits,1594393098,1594117073
407,x_zp_pos_exactfit,1594393098,0
408,x_prec_width_fit_fit_pos,1594393098,0
409,x_prec_width_fit_fit_zero,1594393098,1594117073
410,x_prec_width_nofit_fit_pos,1594393098,0
411,x_prec_width_fit_nofit_pos,1594393098,1594117073
412,x_prec_width_nofit_nofit_pos,1594393098,0
413,x_prec_width_fit_fit_pos_lj,1594393098,1594117073
414,x_prec_width_fit_fit_zero_lj,1594393098,1594117073
415,x_prec_width_nofit_fit_pos_lj,1594393098,1594117073
416,x_prec_width_fit_nofit_pos_lj,1594393098,1594117073
417,x_prec_width_nofit_nofit_pos_lj,1594393098,0
418,x_prec_width_ff_pos_zp,1594393098,1594117073
419,x_prec_width_ff_zero_zp,1594393098,1594117073
420,x_prec_width_nf_pos_zp,1594393098,1594117073
421,x_prec_width_fn_pos_zp,1594393098,1594117073
422,x_prec_width_nn_pos_zp,1594393098,0
423,x_prec_width_ff_pos_ljzp_ignoreflag,1594393098,1594304065
424,x_prec_width_ff_zero_ljzp_ignoreflag,1594393098,1594304065
425,x_prec_width_nf_pos_ljzp_ignoreflag,1594393098,1594304065
426,x_prec_width_fn_pos_ljzp_ignoreflag,1594393098,1594304065
427,x_prec_width_nn_pos_ljzp_ignoreflag,1594393098,1594304065
428,x_prec0val0_basic,1594393098,1594119279
429,x_prec0val0_implicit,1594393098,1594119279
430,x_prec0val0_w,1594393098,1594119279
431,x_prec0val0_w_impl,1594393098,1594119279
432,x_prec0val0_wlj,1594393098,1594119279
433,x_prec0val0_wlj_impl,1594393098,1594119279
434,X_basic_hexu_pos,1594393098,0
435,X_basic_hexu_zero,1594393098,0
436,X_basic_hexu_onlypos,1594393098,0
437,X_hexumax,1594393098,0
438,X_width_pos_fits,1594393098,0
439,X_width_zero_fits,1594393098,0
440,X_width_pos_exactfit,1594393098,0
441,X_width_pos_nofit,1594393098,0
442,X_width_pos_fits_lj,1594393098,0
443,X_width_zero_fits_lj,1594393098,0
444,X_width_pos_exactfit_lj,1594393098,0
445,X_width_pos_nofit_lj,1594393098,0
446,X_prec_fits_pos,1594393098,0
447,X_prec_fits_zero,1594393098,0
448,X_prec_exactfit_pos,1594393098,0
449,X_prec_nofit_pos,1594393098,0
450,X_zp_pos_fits,1594393098,0
451,X_zp_zero_fits,1594393098,0
452,X_zp_pos_exactfit,1594393098,0
453,X_prec_width_fit_fit_pos,1594393098,0
454,X_prec_width_fit_fit_zero,1594393098,0
455,X_prec_width_nofit_fit_pos,1594393098,0
456,X_prec_width_fit_nofit_pos,1594393098,0
457,X_prec_width_nofit_nofit_pos,1594393098,0
458,X_prec_width_fit_fit_pos_lj,1594393098,0
459,X_prec_width_fit_fit_zero_lj,1594393098,0
460,X_prec_width_nofit_fit_pos_lj,1594393098,0
461,X_prec_width_fit_nofit_pos_lj,1594393098,0
462,X_prec_width_nofit_nofit_pos_lj,1594393098,0
463,X_prec_width_ff_pos_zp,1594393098,0
464,X_prec_width_ff_zero_zp,1594393098,0
465,X_prec_width_nf_pos_zp,1594393098,0
466,X_prec_width_fn_pos_zp,1594393098,0
467,X_prec_width_nn_pos_zp,1594393098,0
468,X_prec_width_ff_pos_ljzp_ignoreflag,1594393098,1594304001
469,X_prec_width_ff_zero_ljzp_ignoreflag,1594393098,1594304001
470,X_prec_width_nf_pos_ljzp_ignoreflag,1594393098,1594304001
471,X_prec_width_fn_pos_ljzp_ignoreflag,1594393098,1594304001
472,X_prec_width_nn_pos_ljzp_ignoreflag,1594393098,1594304001
473,X_prec0val0_basic,1594393098,0
474,X_prec0val0_implicit,1594393098,0
475,X_prec0val0_w,1594393098,0
476,X_prec0val0_w_impl,1594393098,0
477,X_prec0val0_wlj,1594393098,0
478,X_prec0val0_wlj_impl,1594393098,0
479,new2019_star_1,1594393098,0
480,new2019_star_2,1594393098,0
481,new2019_star_3,1594393098,0
482,new2019_star_4,1594393098,0
483,new2019_star_5,1594393098,0
484,new2019_star_6,1594393098,0
485,new2019_star_7,1594393098,0
486,new2019_star_8,1594393098,0
487,new2019_star_9,1594393098,0
488,new2019_star_10,1594393098,0
489,new2019_negstar_1,1594393098,0
490,new2019_negstar_2,1594393098,0
491,new2019_negstar_3,1594393098,0
492,new2019_negstar_4,1594393098,0
493,new2019_negstar_5,1594393098,0
494,new2019_negstar_6,1594393098,0
495,new2019_negstar_7,1594393098,0
496,new2019_negstar_8,1594393098,0
497,new2019_negstar_9,1594393098,0
498,nocrash_notrequired_noarg_1,1594393098,0
499,nocrash_notrequired_noarg_2,1594393098,0
500,nocrash_notrequired_noarg_3,1594393098,0
501,nocrash_notrequired_noarg_5,1594393098,0
502,nocrash_notrequired_noarg_6,1594393098,0
503,nocrash_notrequired_noarg_9,1594393098,0
504,nocrash_notrequired_noarg_10,1594393098,0
505,nocrash_notrequired_noarg_16,1594393098,0
506,nocrash_notrequired_noarg_17,1594393098,0
507,nocrash_notrequired_noarg_19,1594393098,0
508,nocrash_notrequired_noarg_20,1594393098,0
509,nocrash_notrequired_noarg_21,1594393098,0
510,nocrash_notrequired_noarg_22,1594393098,0
511,nocrash_notrequired_noarg_24,1594393098,0
512,nocrash_notrequired_noarg_25,1594393098,0
513,nocrash_notrequired_nullarg_1,1594393098,0
514,nocrash_notrequired_nullarg_2,1594393098,0
515,nocrash_notrequired_nullarg_3,1594393098,0
516,nocrash_notrequired_nullarg_5,1594393098,0
517,nocrash_notrequired_nullarg_6,1594393098,0
518,nocrash_notrequired_nullarg_9,1594393098,0
519,nocrash_notrequired_nullarg_10,1594393098,0
520,nocrash_notrequired_nullarg_16,1594393098,0
521,nocrash_notrequired_nullarg_17,1594393098,0
522,nocrash_notrequired_nullarg_18,1594393098,0
523,nocrash_notrequired_nullarg_19,1594393098,0
524,nocrash_notrequired_nullarg_20,1594393098,0
525,nocrash_notrequired_nullarg_21,1594393098,0
526,nocrash_notrequired_nullarg_22,1594393098,0
527,nocrash_notrequired_nullarg_23,1594393098,0
528,nocrash_notrequired_nullarg_24,1594393098,0
529,nocrash_notrequired_nullarg_25,1594393098,0
530,nocrash_notrequired_dupflag_d_ljljw,1594393098,0
531,nocrash_notrequired_c_prec_1,1594393098,0
532,nocrash_notrequired_c_prec_2,1594393098,0
533,nocrash_notrequired_c_zp_1,1594393098,0
534,nocrash_notrequired_c_zp_2,1594393098,0
535,nocrash_notrequired_c_lj_nowidth,1594393098,0
536,nocrash_notrequired_s_zp_1,1594393098,0
537,nocrash_notrequired_s_zp_2,1594393098,0
538,nocrash_notrequired_s_lj_nowidth,1594393098,0
539,nocrash_notrequired_p_prec_1,1594393098,0
540,nocrash_notrequired_p_prec_2,1594393098,0
541,nocrash_notrequired_p_zp_1,1594393098,0
542,nocrash_notrequired_p_zp_2,1594393098,0
543,nocrash_notrequired_p_lj_nowidth,1594393098,0
544,nocrash_notrequired_i_lj_nowidth,1594393098,0
545,nocrash_notrequired_u_lj_nowidth,1594393098,0
546,nocrash_notrequired_x_lj_nowidth,1594393098,0
547,nocrash_notrequired_f_lj_nowidth,1594393098,0
548,moul_c_1,1594393098,0
549,moul_c_2,1594393098,1594388314
550,moul_c_3,1594393098,0
551,moul_c_4,1594393098,0
552,moul_c_5,1594393098,0
553,moul_c_5b,1594393098,0
554,moul_c_6,1594393098,0
555,moul_c_7,1594393098,0
556,moul_c_8,1594393098,0
557,moul_c_9,1594393098,0
558,moul_c_10,1594393098,0
559,moul_c_11,1594393098,0
560,moul_c_12,1594393098,0
561,moul_c_13,1594393098,0
562,moul_c_14,1594393098,0
563,moul_c_15,1594393098,0
564,moul_c_16,1594393098,0
565,moul_c_17,1594393098,0
566,moul_c_18,1594393098,0
567,moul_c_19,1594393098,0
568,moul_c_20,1594393098,0
569,moul_c_21,1594393098,0
570,moul_c_22,1594393098,0
571,moul_c_23,1594393098,0
572,moul_c_24,1594393098,0
573,moul_c_25,1594393098,0
574,moul_c_26,1594393098,0
575,moul_c_27,1594393098,0
576,moul_c_28,1594393098,0
577,moul_s_1,1594393098,0
578,moul_s_2,1594393098,0
579,moul_s_3,1594393098,0
580,moul_s_4,1594393098,0
581,moul_s_5_this_ones_a_doozy,1594393098,0
582,moul_d_1,1594393098,0
583,moul_d_2,1594393098,1594388314
584,moul_d_3,1594393098,0
585,moul_d_4,1594393098,0
586,moul_d_5,1594393098,0
587,moul_d_6,1594393098,0
588,moul_d_7,1594393098,1594388314
589,moul_d_8,1594393098,0
590,moul_d_9,1594393098,1594388314
591,moul_d_10,1594393098,0
592,moul_d_11,1594393098,0
593,moul_d_12,1594393098,0
594,moul_mix_1,1594393098,1594388314
595,moul_i_1,1594393098,0
596,moul_i_2,1594393098,1594388314
597,moul_i_3,1594393098,0
598,moul_i_4,1594393098,0
599,moul_i_5,1594393098,0
600,moul_i_6,1594393098,0
601,moul_i_7,1594393098,1594388314
602,moul_i_8,1594393098,0
603,moul_i_9,1594393098,1594388314
604,moul_i_10,1594393098,0
605,moul_i_11,1594393098,0
606,moul_i_12,1594393098,0
607,moul_u_1,1594393098,0
608,moul_u_2,1594393098,1594388314
609,moul_u_3,1594393098,0
610,moul_u_4,1594393098,0
611,moul_u_5,1594393098,0
612,moul_u_6,1594393098,0
613,moul_u_7,1594393098,0
614,moul_u_8,1594393098,0
615,moul_u_9,1594393098,0
616,moul_u_10,1594393098,0
617,moul_u_11,1594393098,0
618,moul_u_12,1594393098,0
619,moul_x_1,1594393098,0
620,moul_x_2,1594393098,1594388314
621,moul_x_3,1594393098,0
622,moul_x_4,1594393098,0
623,moul_x_5,1594393098,0
624,moul_x_6,1594393098,0
625,moul_x_7,1594393098,0
626,moul_x_8,1594393098,0
627,moul_x_9,1594393098,0
628,moul_x_10,1594393098,0
629,moul_x_11,1594393098,0
630,moul_x_12,1594393098,0
631,moul_prec_1,1594393098,0
632,moul_prec_3,1594393098,1594379972
633,moul_prec_4,1594393098,0
634,moul_prec_5,1594393098,0
635,moul_zeropad_1,1594393098,0
636,moul_zeropad_2,1594393098,0
637,moul_zeropad_3,1594393098,0
638,moul_zeropad_4,1594393098,0
639,moul_leftjusty_1,1594393098,0
640,moul_leftjusty_2,1594393098,1594388314
641,moul_leftjusty_3,1594393098,0
642,moul_leftjusty_4,1594393098,0
643,moul_leftjusty_5,1594393098,0
644,moul_leftjusty_6,1594393098,0
645,moul_leftjusty_7,1594393098,0
646,moul_star_1,1594393098,0
647,moul_star_2,1594393098,1594379972
648,moul_star_3,1594393098,0
649,moul_star_4,1594393098,0
650,moul_star_5,1594393098,0
651,mix_test_0,1594393098,0
652,mix_test_1,1594393098,0
653,mix_test_2,1594393098,0
654,mix_test_3,1594393098,0
655,mix_test_4,1594393098,0
656,mix_test_5,1594393098,0
657,mix_test_6,1594393098,0
658,mix_test_7,1594393098,0
659,mix_test_8,1594393098,0
660,mix_test_9,1594393098,0
661,mix_test_10,1594393098,0
662,mix_test_11,1594393098,0
663,mix_test_12,1594393098,0
664,mix_test_13,1594393098,0
665,mix_test_14,1594393098,0
666,mix_test_15,1594393098,0
667,mix_test_16,1594393098,0
668,mix_test_17,1594393098,0
669,mix_test_18,1594393098,0
670,mix_test_19,1594393098,0
671,mix_test_20,1594393098,0
672,mix_test_21,1594393098,0
673,mix_test_22,1594393098,0
674,mix_test_23,1594393098,0
675,mix_test_24,1594393098,0
676,mix_test_25,1594393098,0
677,mix_test_26,1594393098,0
678,mix_test_27,1594393098,0
679,mix_test_28,1594393098,0
680,mix_test_29,1594393098,0
681,mix_test_30,1594393098,0
682,mix_test_31,1594393098,0
683,mix_test_32,1594393098,0
684,mix_test_33,1594393098,0
685,mix_test_34,1594393098,0
686,mix_test_35,1594393098,0
687,mix_test_36,1594393098,0
688,mix_test_37,1594393098,0
689,mix_test_38,1594393098,0
690,mix_test_39,1594393098,0
691,mix_test_40,1594393098,0
692,mix_test_41,1594393098,0
693,mix_test_42,1594393098,0
694,mix_test_43,1594393098,0
695,mix_test_44,1594393098,0
696,mix_test_45,1594393098,0
697,mix_test_46,1594393098,0
698,mix_test_47,1594393098,0
699,mix_test_48,1594393098,0
700,mix_test_49,1594393098,0
701,mix_test_50,1594393098,0
702,mix_test_51,1594393098,0
703,mix_test_52,1594393098,0
704,mix_test_53,1594393098,0
705,mix_test_54,1594393098,0
706,mix_test_55,1594393098,0
707,mix_test_56,1594393098,0
708,mix_test_57,1594393098,0
709,mix_test_58,1594393098,0
710,mix_test_59,1594393098,0
711,mix_test_60,1594393098,0
712,mix_test_61,1594393098,0
713,mix_test_62,1594393098,0
714,mix_test_63,1594393098,0
715,mix_test_64,1594393098,0
716,mix_test_65,1594393098,0
717,mix_test_66,1594393098,0
718,mix_test_67,1594393098,0
719,mix_test_68,1594393098,0
720,mix_test_69,1594393098,0
721,mix_test_70,1594393098,0
722,mix_test_71,1594393098,0
723,mix_test_72,1594393098,0
724,mix_test_73,1594393098,0
725,mix_test_74,1594393098,0
726,mix_test_75,1594393098,0
727,mix_test_76,1594393098,0
728,mix_test_77,1594393098,0
729,mix_test_78,1594393098,0
730,mix_test_79,1594393098,0
731,mix_test_80,1594393098,0
732,mix_test_81,1594393098,0
733,mix_test_82,1594393098,0
734,mix_test_83,1594393098,0
735,mix_test_84,1594393098,0
736,mix_test_85,1594393098,0
737,mix_test_86,1594393098,0
738,mix_test_87,1594393098,0
739,mix_test_88,1594393098,0
740,mix_test_89,1594393098,0
741,mix_test_90,1594393098,0
742,mix_test_91,1594393098,0
743,mix_test_92,1594393098,0
744,mix_test_93,1594393098,0
745,mix_test_94,1594393098,0
746,mix_test_95,1594393098,0
747,mix_test_96,1594393098,0
748,mix_test_97,1594393098,0
749,mix_test_98,1594393098,0
750,mix_test_99,1594393098,0
751,mix_successive_0,1594393098,0
752,mix_successive_4,1594393098,0
753,mix_successive_6,1594393098,0
754,mix_successive_10,1594393098,0
755,mix_successive_16,1594393098,0
756,mix_successive_20,1594393098,0
757,mix_successive_21,1594393098,0
758,mix_successive_28,1594393098,0
759,mix_successive_30,1594393098,0
760,mix_successive_31,1594393098,0
761,mix_successive_32,1594393098,0
762,mix_successive_39,1594393098,0
763,mix_successive_40,1594393098,0
764,mix_successive_42,1594393098,0
765,mix_successive_43,1594393098,0
766,mix_successive_45,1594393098,0
767,mix_successive_46,1594393098,0
768,mix_successive_61,1594393098,0
769,mix_successive_64,1594393098,0
872,nocrash_notrequired_bonus_as_dupflag_d,1594393098,0
873,nocrash_notrequired_bonus_as_dupflag_d_ljasljw,1594393098,0
874,nocrash_notrequired_bonus_as_c_1,1594393098,0
875,nocrash_notrequired_bonus_as_c_2,1594393098,0
876,nocrash_notrequired_bonus_as_s_1,1594393098,0
877,nocrash_notrequired_bonus_as_p_1,1594393098,0
878,nocrash_notrequired_bonus_as_p_2,1594393098,0
879,nocrash_notrequired_bonus_as_u,1594393098,0
880,nocrash_notrequired_bonus_as_x,1594393098,0
881,nocrash_notrequired_bonus_as_X,1594393098,0
1030,nocrash_notrequired_bonus_sp_dupflag_d,1594393098,0
1031,nocrash_notrequired_bonus_sp_c_1,1594393098,0
1032,nocrash_notrequired_bonus_sp_c_2,1594393098,0
1033,nocrash_notrequired_bonus_sp_s_1,1594393098,0
1034,nocrash_notrequired_bonus_sp_p_1,1594393098,0
1035,nocrash_notrequired_bonus_sp_p_2,1594393098,0
1036,nocrash_notrequired_bonus_sp_u,1594393098,0
1037,nocrash_notrequired_bonus_sp_x,1594393098,0
1038,nocrash_notrequired_bonus_sp_X,1594393098,0
1129,nocrash_notrequired_bonus_af_noarg_4,1594393098,0
1130,nocrash_notrequired_bonus_af_nullarg_4,1594393098,0
1131,nocrash_notrequired_bonus_af_dupflag_x,1594393098,0
1132,nocrash_notrequired_bonus_af_dupflag_xasasljw,1594393098,0
1133,nocrash_notrequired_bonus_af_c,1594393098,0
1134,nocrash_notrequired_bonus_af_s,1594393098,0
1135,nocrash_notrequired_bonus_af_p,1594393098,0
1136,nocrash_notrequired_bonus_af_d,1594393098,0
1137,nocrash_notrequired_bonus_af_i,1594393098,0
1138,nocrash_notrequired_bonus_af_u,1594393098,0
1237,nocrash_notrequired_bonus_assp_dupflag_d_spassp,1594393098,0
1489,nocrash_notrequired_bonus_length_noarg_11,1594393098,0
1490,nocrash_notrequired_bonus_length_noarg_12,1594393098,0
1491,nocrash_notrequired_bonus_length_noarg_13,1594393098,0
1492,nocrash_notrequired_bonus_length_noarg_14,1594393098,0
1493,nocrash_notrequired_bonus_length_nullarg_11,1594393098,0
1494,nocrash_notrequired_bonus_length_nullarg_12,1594393098,0
1495,nocrash_notrequired_bonus_length_nullarg_13,1594393098,0
1496,nocrash_notrequired_bonus_length_nullarg_14,1594393098,0
1497,nocrash_notrequired_bonus_length_c_hh,1594393098,0
1498,nocrash_notrequired_bonus_length_c_h,1594393098,0
1499,nocrash_notrequired_bonus_length_c_l,1594393098,0
1500,nocrash_notrequired_bonus_length_c_ll,1594393098,0
1501,nocrash_notrequired_bonus_length_s_hh,1594393098,0
1502,nocrash_notrequired_bonus_length_s_h,1594393098,0
1503,nocrash_notrequired_bonus_length_s_l,1594393098,0
1504,nocrash_notrequired_bonus_length_s_ll,1594393098,0
1505,nocrash_notrequired_bonus_length_p_hh,1594393098,0
1506,nocrash_notrequired_bonus_length_p_h,1594393098,0
1507,nocrash_notrequired_bonus_length_p_l,1594393098,0
1508,nocrash_notrequired_bonus_length_p_ll,1594393098,0
1509,nocrash_notrequired_bonus_length_d_hhh,1594393098,0
1510,nocrash_notrequired_bonus_length_d_hhhh,1594393098,0
1511,nocrash_notrequired_bonus_length_d_hhl,1594393098,0
1512,nocrash_notrequired_bonus_length_d_hhll,1594393098,0
1513,nocrash_notrequired_bonus_length_d_llh,1594393098,0
1514,nocrash_notrequired_bonus_length_d_lll,1594393098,0
1515,nocrash_notrequired_bonus_length_i_hhh,1594393098,0
1516,nocrash_notrequired_bonus_length_u_hhh,1594393098,0
1517,nocrash_notrequired_bonus_length_u_hhhh,1594393098,0
1518,nocrash_notrequired_bonus_length_u_hhl,1594393098,0
1519,nocrash_notrequired_bonus_length_u_hhll,1594393098,0
1520,nocrash_notrequired_bonus_length_u_llh,1594393098,0
1521,nocrash_notrequired_bonus_length_u_lll,1594393098,0
1522,nocrash_notrequired_bonus_length_x_hhh,1594393098,0
1523,nocrash_notrequired_bonus_length_x_hhhh,1594393098,0
1524,nocrash_notrequired_bonus_length_x_hhl,1594393098,0
1525,nocrash_notrequired_bonus_length_x_hhll,1594393098,0
1526,nocrash_notrequired_bonus_length_x_llh,1594393098,0
1527,nocrash_notrequired_bonus_length_x_lll,1594393098,0
1528,nocrash_notrequired_bonus_length_X_hhh,1594393098,0
1529,nocrash_notrequired_bonus_length_X_llh,1594393098,0
1530,nocrash_notrequired_bonus_length_f_hh,1594393098,0
1531,nocrash_notrequired_bonus_length_f_h,1594393098,0
1532,nocrash_notrequired_bonus_length_f_ll,1594393098,0
1533,nocrash_notrequired_bonus_length_f_lll,1594393098,0
1534,nocrash_notrequired_bonus_length_f_llll,1594393098,0
3930,nocrash_notinsubject_notrequired_o_sp,1594393098,0
3931,nocrash_notinsubject_notrequired_o_hhh,1594393098,0
3932,nocrash_notinsubject_notrequired_o_hhhh,1594393098,0
3933,nocrash_notinsubject_notrequired_o_hhl,1594393098,0
3934,nocrash_notinsubject_notrequired_o_hhll,1594393098,0
3935,nocrash_notinsubject_notrequired_o_llh,1594393098,0
3936,nocrash_notinsubject_notrequired_o_lll,1594393098,0
3937,nocrash_notinsubject_notrequired_o_lj_nowidth,1594393098,0
3938,nocrash_notinsubject_notrequired_o_as,1594393098,0
4186,d_neg_prec_star_01,1594393098,1594050163
4187,d_neg_prec_star_02,1594393098,1594050163
4188,d_neg_prec_star_03,1594393098,1594050163
4189,u_neg_prec_star_01,1594393098,0
4190,u_neg_prec_star_02,1594393098,0
4191,u_neg_prec_star_03,1594393098,0
4192,notintsubject_o_neg_prec_star_01,0,1594393098
4193,notintsubject_o_neg_prec_star_02,0,1594393098
4194,notintsubject_o_neg_prec_star_03,0,1594393098
4195,x_neg_prec_star_01,1594393098,0
4196,x_neg_prec_star_02,1594393098,0
4197,x_neg_prec_star_03,1594393098,0
4198,X_neg_prec_star_01,1594393098,0
4199,X_neg_prec_star_02,1594393098,0
4200,X_neg_prec_star_03,1594393098,0
4201,s_neg_prec_star_01,1594393098,1594294373
4202,s_neg_prec_star_02,1594393098,1594294373
4203,p_neg_prec_star_01,1594393098,1594226179
4204,p_neg_prec_star_02,1594393098,1594226179
4205,p_neg_prec_star_03,0,1594393098
4206,p_neg_prec_star_04,0,1594393098
